VersionLTSDateV8npmNODE_MODULE_VERSION[1],,,,
Node.js 17.1.02021-11-099.5.172.258.1.2102DownloadsChangelogDocs,,,,
Node.js 17.0.12021-10-209.5.172.218.1.0102DownloadsChangelogDocs,,,,
Node.js 17.0.02021-10-199.5.172.218.1.0102DownloadsChangelogDocs,,,,
Node.js 16.14.2Gallium2022-03-179.4.146.248.5.093DownloadsChangelogDocs,,,,
Node.js 16.14.1Gallium2022-03-169.4.146.248.5.093DownloadsChangelogDocs,,,,
Node.js 16.14.0Gallium2022-02-089.4.146.248.3.193DownloadsChangelogDocs,,,,
Node.js 16.13.2Gallium2022-01-109.4.146.248.1.293DownloadsChangelogDocs,,,,
Node.js 16.13.1Gallium2021-12-019.4.146.248.1.293DownloadsChangelogDocs,,,,
Node.js 16.13.0Gallium2021-10-269.4.146.198.1.093DownloadsChangelogDocs,,,,
Node.js 16.12.02021-10-209.4.146.198.1.093DownloadsChangelogDocs,,,,